timestamp,ldr_value
0,2662
100,2662
200,2662
300,2662
400,2662
500,2662
600,2662
700,2662
800,2662
900,2662
1000,2662
1100,2662
1200,2662
1300,2662
1400,2662
1500,2662
1600,2662
1700,2662
1800,2662
1900,2662
2000,2662
2100,2662
2200,2662
2300,2662
2400,2662
2500,2662
2600,2662
2700,2662
2800,2662
2900,2662
3000,2662
3100,2662
3200,2662
3300,2662
3400,2662
3500,2662
3600,2662
3700,2662
3800,2662
3900,2662
4000,2662
4100,2662
4200,2662
4300,2662
4400,2662
4500,2662
4600,2662
4700,2662
4800,2662
4900,2662
5000,2662
5100,2662
5200,2662
5300,2662
5400,2662
5500,2662
5600,2662
5700,2662
5800,2662
5900,2662
6000,2662
6100,2662
6200,2662
6300,2662
6400,2662
6500,2662
6600,2662
6700,2662
6800,2662
6900,2662
7000,2662
7100,2662
7200,2662
7300,2662
7400,2662
7500,2662
7600,2662
7700,2662
7800,2662
7900,2662
8000,2662
8100,2662
8200,2662
8300,2662
8400,2662
8500,2662
8600,2662
8700,2662
8800,2662
8900,2662
9000,2662
9100,2662
9200,2662
9300,2662
9400,2662
9500,2662
9600,2662
9700,2662
9800,2662
9900,2662
10000,2662
10100,2662
10200,2662
10300,2662
10400,2662
10500,2662
10600,2662
10700,2662
10800,2662
10900,2662
11000,2662
11100,2662
11200,2662
11300,2662
11400,2662
11500,2662
11600,2662
11700,2662
11800,2662
11900,2662
12000,2662
12100,2662
12200,2662
12300,2662
12400,2662
12500,2662
12600,2662
12700,2662
12800,2662
12900,2662
13000,2662
13100,2662
13200,2662
13300,2662
13400,2662
13500,2662
13600,2662
13700,2662
13800,2662
13900,2662
14000,2662
14100,2662
14200,2662
14300,2662
14400,2662
14500,2662
14600,2662
14700,2662
14800,2662
14900,2662
15000,2662
15100,2662
15200,2662
15300,2662
15400,2662
15500,2662
15600,2662
15700,2662
15800,2662
15900,2662
16000,2662
16100,2662
16200,2662
16300,2662
16400,2662
16500,2662
16600,2662
16700,2662
16800,2662
16900,2662
17000,2662
17100,2662
17200,2662
17300,2662
17400,2662
17500,2662
17600,2662
17700,2662
17800,2662
17900,2662
18000,2662
18100,2662
18200,2662
18300,2662
18400,2662
18500,2662
18600,2662
18700,2662
18800,2662
18900,2662
19000,2662
19100,2662
19200,2662
19300,2662
19400,2662
19500,2662
19600,2662
19700,2662
19800,2662
19900,2662
20000,2662
20100,2662
20200,2662
20300,2662
20400,2662
20500,2662
20600,2662
20700,2662
20800,2662
20900,2662
21000,2662
21100,2662
21200,2662
21300,2662
21400,2662
21500,2662
21600,2662
21700,2662
21800,2662
21900,2662
22000,2662
22100,2662
22200,2662
22300,2662
22400,2662
22500,2662
22600,2662
22700,2662
22800,2662
22900,2662
23000,2662
23100,2662
23200,2662
23300,2662
23400,2662
23500,2662
23600,2662
23700,2662
23800,2662
23900,2662
24000,2662
24100,2662
24200,2662
24300,2662
24400,2662
24500,2662
24600,2662
24700,2662
24800,2662
24900,2662
25000,2662
25100,2662
25200,2662
25300,2662
25400,2662
25500,2662
25600,2662
25700,2662
25800,2662
25900,2662
26000,2662
26100,2662
26200,2662
26300,2662
26400,2662
26500,2662
26600,2662
26700,2662
26800,2662
26900,2662
27000,2662
27100,2662
27200,2662
27300,2662
27400,2662
27500,2662
27600,2662
27700,2662
27800,2662
27900,2662
28000,2662
28100,2662
28200,2662
28300,2662
28400,2662
28500,2662
28600,2662
28700,2662
28800,2662
28900,2662
29000,2662
29100,2662
29200,2662
29300,2662
29400,2662
29500,2662
29600,2662
29700,2662
29800,2662
29900,2662
30000,2662
30100,2662
30200,2662
30300,2662
30400,2662
30500,2662
30600,2662
30700,2662
30800,2662
30900,2662
31000,2662
31100,2662
31200,2662
31300,2662
31400,2662
31500,2662
31600,2662
31700,2662
31800,2662
31900,2662
32000,2662
32100,2662
32200,2662
32300,2662
32400,2662
32500,2662
32600,2662
32700,2662
32800,2662
32900,2662
33000,2662
33100,2662
33200,2662
33300,2662
33400,2662
33500,2662
33600,2662
33700,2662
33800,2662
33900,2662
34000,2662
34100,2662
34200,2662
34300,2662
34400,2662
34500,2662
34600,2662
34700,2662
34800,2662
34900,2662
35000,2662
35100,2662
35200,2662
35300,2662
35400,2662
35500,2662
35600,2662
35700,2662
35800,2662
35900,2662
36000,2662
36100,2662
36200,2662
36300,2662
36400,2662
36500,2662
36600,2662
36700,2662
36800,2662
36900,2662
37000,2662
37100,2662
37200,2662
37300,2662
37400,2662
37500,2662
37600,2662
37700,2662
37800,2662
37900,2662
38000,2662
38100,2662
38200,2662
38300,2662
38400,2662
38500,2662
38600,2662
38700,2662
38800,2662
38900,2662
39000,2662
39100,2662
39200,2662
39300,2662
39400,2662
39500,2662
39600,2662
39700,2662
39800,2662
39900,2662
40000,2662
40100,2662
40200,2662
40300,2662
40400,2662
40500,2662
40600,2662
40700,2662
40800,2662
40900,2662
41000,2662
41100,2662
41200,2662
41300,2662
41400,2662
41500,2662
41600,2662
41700,2662
41800,2662
41900,2662
42000,2662
42100,2662
42200,2662
42300,2662
42400,2662
42500,2662
42600,2662
42700,2662
42800,2662
42900,2662
43000,2662
43100,2662
43200,2662
43300,2662
43400,2662
43500,2662
43600,2662
43700,2662
43800,2662
43900,2662
44000,2662
44100,2662
44200,2662
44300,2662
44400,2662
44500,2662
44600,2662
44700,2662
44800,2662
44900,2662
45000,2662
45100,2662
45200,2662
45300,2662
45400,2662
45500,2662
45600,2662
45700,2662
45800,2662
45900,2662
46000,2662
46100,2662
46200,2662
46300,2662
46400,2662
46500,2662
46600,2662
46700,2662
46800,2662
46900,2662
47000,2662
47100,2662
47200,2662
47300,2662
47400,2662
47500,2662
47600,2662
47700,2662
47800,2662
47900,2662
48000,2662
48100,2662
48200,2662
48300,2662
48400,2662
48500,2662
48600,2662
48700,2662
48800,2662
48900,2662
49000,2662
49100,2662
49200,2662
49300,2662
49400,2662
49500,2662
49600,2662
49700,2662
49800,2662
49900,2662
50000,2662
50100,2662
50200,2662
50300,2662
50400,2662
50500,2662
50600,2662
50700,2662
50800,2662
50900,2662
51000,2662
51100,2662
51200,2662
51300,2662
51400,2662
51500,2662
51600,2662
51700,2662
51800,2662
51900,2662
52000,2662
52100,2662
52200,2662
52300,2662
52400,2662
52500,2662
52600,2662
52700,2662
52800,2662
52900,2662
53000,2662
53100,2662
53200,2662
53300,2662
53400,2662
53500,2662
53600,2662
53700,2662
53800,2662
53900,2662
54000,2662
54100,2662
54200,2662
54300,2662
54400,2662
54500,2662
54600,2662
54700,2662
54800,2662
54900,2662
55000,2662
55100,2662
55200,2662
55300,2662
55400,2662
55500,2662
55600,2662
55700,2662
55800,2662
55900,2662
56000,2662
56100,2662
56200,2662
56300,2662
56400,2662
56500,2662
56600,2662
56700,2662
56800,2662
56900,2662
57000,2662
57100,2662
57200,2662
57300,2662
57400,2662
57500,2662
57600,2662
57700,2662
57800,2662
57900,2662
58000,2662
58100,2662
58200,2662
58300,2662
58400,2662
58500,2662
58600,2662
58700,2662
58800,2662
58900,2662
59000,2662
59100,2662
59200,2662
59300,2662
59400,2662
59500,2662
59600,2662
59700,2662
59800,2662
59900,2662
60000,2662
60100,2662
60200,2662
60300,2662
60400,2662
60500,2662
60600,2662
60700,2662
60800,2662
60900,2662
61000,2662
61100,2662
61200,2662
61300,2662
61400,2662
61500,2662
61600,2662
61700,2662
61800,2662
61900,2662
62000,2662
62100,2662
62200,2662
62300,2662
62400,2662
62500,2662
62600,2662
62700,2662
62800,2662
62900,2662
63000,2662
63100,2662
63200,2662
63300,2662
63400,2662
63500,2662
63600,2662
63700,2662
63800,2662
63900,2662
64000,2662
64100,2662
64200,2662
64300,2662
64400,2662
64500,2662
64600,2662
64700,2662
64800,2662
64900,2662
65000,2662
65100,2662
65200,2662
65300,2662
65400,2662
65500,2662
65600,2662
65700,2662
65800,2662
65900,2662
66000,2662
66100,2662
66200,2662
66300,2662
66400,2662
66500,2662
66600,2662
66700,2662
66800,2662
66900,2662
67000,2662
67100,2662
67200,2662
67300,2662
67400,2662
67500,2662
67600,2662
67700,2662
67800,2662
67900,2662
68000,2662
68100,2662
68200,2662
68300,2662
68400,2662
68500,2662
68600,2662
68700,2662
68800,2662
68900,2662
69000,2662
69100,2662
69200,2662
69300,2662
69400,2662
69500,2662
69600,2662
69700,2662
69800,2662
69900,2662
70000,2662
70100,2662
70200,2662
70300,2662
70400,2662
70500,2662
70600,2662
70700,2662
70800,2662
70900,2662
71000,2662
71100,2662
71200,2662
71300,2662
71400,2662
71500,2662
71600,2662
71700,2662
71800,2662
71900,2662
72000,2662
72100,2662
72200,2662
72300,2662
72400,2662
72500,2662
72600,2662
72700,2662
72800,2662
72900,2662
73000,2662
73100,2662
73200,2662
73300,2662
73400,2662
73500,2662
73600,2662
73700,2662
73800,2662
73900,2662
74000,2662
74100,2662
74200,2662
74300,2662
74400,2662
74500,2662
74600,2662
74700,2662
74800,2662
74900,2662
75000,2662
75100,2662
75200,2662
75300,2662
75400,2662
75500,2662
75600,2662
75700,2662
75800,2662
75900,2662
76000,2662
76100,2662
76200,2662
76300,2662
76400,2662
76500,2662
76600,2662
76700,2662
76800,2662
76900,2662
77000,2662
77100,2662
77200,2662
77300,2662
77400,2662
77500,2662
77600,2662
77700,2662
77800,2662
77900,2662
78000,2662
78100,2662
78200,2662
78300,2662
78400,2662
78500,2662
78600,2662
78700,2662
78800,2662
78900,2662
79000,2662
79100,2662
79200,2662
79300,2662
79400,2662
79500,2662
79600,2662
79700,2662
79800,2662
79900,2662
80000,2662
80100,2662
80200,2662
80300,2662
80400,2662
80500,2662
80600,2662
80700,2662
80800,2662
80900,2662
81000,2662
81100,2662
81200,2662
81300,2662
81400,2662
81500,2662
81600,2662
81700,2662
81800,2662
81900,2662
82000,2662
82100,2662
82200,2662
82300,2662
82400,2662
82500,2662
82600,2662
82700,2662
82800,2662
82900,2662
83000,2662
83100,2662
83200,2662
83300,2662
83400,2662
83500,2662
83600,2662
83700,2662
83800,2662
83900,2662
84000,2662
84100,2662
84200,2662
84300,2662
84400,2662
84500,2662
84600,2662
84700,2662
84800,2662
84900,2662
85000,2662
85100,2662
85200,2662
85300,2662
85400,2662
85500,2662
85600,2662
85700,2662
85800,2662
85900,2662
86000,2662
86100,2662
86200,2662
86300,2662
86400,2662
86500,2662
86600,2662
86700,2662
86800,2662
86900,2662
87000,2662
87100,2662
87200,2662
87300,2662
87400,2662
87500,2662
87600,2662
87700,2662
87800,2662
87900,2662
88000,2662
88100,2662
88200,2662
88300,2662
88400,2662
88500,2662
88600,2662
88700,2662
88800,2662
88900,2662
89000,2662
89100,2662
89200,2662
89300,2662
89400,2662
89500,2662
89600,2662
89700,2662
89800,2662
89900,2662
90000,2662
90100,2662
90200,2662
90300,2662
90400,2662
90500,2662
90600,2662
90700,2662
90800,2662
90900,2662
91000,2662
91100,2662
91200,2662
91300,2662
91400,2662
91500,2662
91600,2662
91700,2662
91800,2662
91900,2662
92000,2662
92100,2662
92200,2662
92300,2662
92400,2662
92500,2662
92600,2662
92700,2662
92800,2662
92900,2662
93000,2662
93100,2662
93200,2662
93300,2662
93400,2662
93500,2662
93600,2662
93700,2662
93800,2662
93900,2662
94000,2662
94100,2662
94200,2662
94300,2662
94400,2662
94500,2662
94600,2662
94700,2662
94800,2662
94900,2662
95000,2662
95100,2662
95200,2662
95300,2662
95400,2662
95500,2662
95600,2662
95700,2662
95800,2662
95900,2662
96000,2662
96100,2662
96200,2662
96300,2662
96400,2662
96500,2662
96600,2662
96700,2662
96800,2662
96900,2662
97000,2662
97100,2662
97200,2662
97300,2662
97400,2662
97500,2662
97600,2662
97700,2662
97800,2662
97900,2662
98000,2662
98100,2662
98200,2662
98300,2662
98400,2662
98500,2662
98600,2662
98700,2662
98800,2662
98900,2662
99000,2662
99100,2662
99200,2662
99300,2662
99400,2662
99500,2662
99600,2662
99700,2662
99800,2662
99900,2662
100000,2662
100100,2662
100200,2662
100300,2662
100400,2662
100500,2662
100600,2662
100700,2662
100800,2662
100900,2662
101000,2662
101100,2662
101200,2662
101300,2662
101400,2662
101500,2662
101600,2662
101700,2662
101800,2662
101900,2662
102000,2662
102100,2662
102200,2662
102300,2662
102400,2662
102500,2662
102600,2662
102700,2662
102800,2662
102900,2662
103000,2662
103100,2662
103200,2662
103300,2662
103400,2662
103500,2662
103600,2662
103700,2662
103800,2662
103900,2662
104000,2662
104100,2662
104200,2662
104300,2662
104400,2662
104500,2662
104600,2662
104700,2662
104800,2662
104900,2662
105000,2662
105100,2662
105200,2662
105300,2662
105400,2662
105500,2662
105600,2662
105700,2662
105800,2662
105900,2662
106000,2662
106100,2662
106200,2662
106300,2662
106400,2662
106500,2662
106600,2662
106700,2662
106800,2662
106900,2662
107000,2662
107100,2662
107200,2662
107300,2662
107400,2662
107500,2662
107600,2662
107700,2662
107800,2662
107900,2662
108000,2662
108100,2662
108200,2662
108300,2662
108400,2662
108500,2662
108600,2662
108700,2662
108800,2662
108900,2662
109000,2662
109100,2662
109200,2662
109300,2662
109400,2662
109500,2662
109600,2662
109700,2662
109800,2662
109900,2662
110000,2662
110100,2662
110200,2662
110300,2662
110400,2662
110500,2662
110600,2662
110700,2662
110800,2662
110900,2662
111000,2662
111100,2662
111200,2662
111300,2662
111400,2662
111500,2662
111600,2662
111700,2662
111800,2662
111900,2662
112000,2662
112100,2662
112200,2662
112300,2662
112400,2662
112500,2662
112600,2662
112700,2662
112800,2662
112900,2662
113000,2662
113100,2662
113200,2662
113300,2662
113400,2662
113500,2662
113600,2662
113700,2662
113800,2662
113900,2662
114000,2662
114100,2662
114200,2662
114300,2662
114400,2662
114500,2662
114600,2662
114700,2662
114800,2662
114900,2662
115000,2662
115100,2662
115200,2662
115300,2662
115400,2662
115500,2662
115600,2662
115700,2662
115800,2662
115900,2662
116000,2662
116100,2662
116200,2662
116300,2662
116400,2662
116500,2662
116600,2662
116700,2662
116800,2662
116900,2662
117000,2662
117100,2662
117200,2662
117300,2662
117400,2662
117500,2662
117600,2662
117700,2662
117800,2662
117900,2662
118000,2662
118100,2662
118200,2662
118300,2662
118400,2662
118500,2662
118600,2662
118700,2662
118800,2662
118900,2662
119000,2662
119100,2662
119200,2662
119300,2662
119400,2662
119500,2662
119600,2662
119700,2662
119800,2662
119900,2662
120000,2662
120100,2662
120200,2662
120300,2662
120400,2662
120500,2662
120600,2662
120700,2662
120800,2662
120900,2662
121000,2662
121100,2662
121200,2662
121300,2662
121400,2662
121500,2662
121600,2662
121700,2662
121800,2662
121900,2662
122000,2662
122100,2662
122200,2662
122300,2662
122400,2662
122500,2662
122600,2662
122700,2662
122800,2662
122900,2662
123000,2662
123100,2662
123200,2662
123300,2662
123400,2662
123500,2662
123600,2662
123700,2662
123800,2662
123900,2662
124000,2662
124100,2662
124200,2662
124300,2662
124400,2662
124500,2662
124600,2662
124700,2662
124800,2662
124900,2662
125000,2662
125100,2662
125200,2662
125300,2662
125400,2662
125500,2662
125600,2662
125700,2662
125800,2662
125900,2662
126000,2662
126100,2662
126200,2662
126300,2662
126400,2662
126500,2662
126600,2662
126700,2662
126800,2662
126900,2662
127000,2662
127100,2662
127200,2662
127300,2662
127400,2662
127500,2662
127600,2662
127700,2662
127800,2662
127900,2662
128000,2662
128100,2662
128200,2662
128300,2662
128400,2662
128500,2662
128600,2662
128700,2662
128800,2662
128900,2662
129000,2662
129100,2662
129200,2662
129300,2662
129400,2662
129500,2662
129600,2662
129700,2662
129800,2662
129900,2662
130000,2662
130100,2662
130200,2662
130300,2662
130400,2662
130500,2662
130600,2662
130700,2662
130800,2662
130900,2662
131000,2662
131100,2662
131200,2662
131300,2662
131400,2662
131500,2662
131600,2662
131700,2662
131800,2662
131900,2662
132000,2662
132100,2662
132200,2662
132300,2662
132400,2662
132500,2662
132600,2662
132700,2662
132800,2662
132900,2662
133000,2662
133100,2662
133200,2662
133300,2662
133400,2662
133500,2662
133600,2662
133700,2662
133800,2662
133900,2662
134000,2662
134100,2662
134200,2662
134300,2662
134400,2662
134500,2662
134600,2662
134700,2662
134800,2662
134900,2662
135000,2662
135100,2662
135200,2662
135300,2662
135400,2662
135500,2662
135600,2662
135700,2662
135800,2662
135900,2662
136000,2662
136100,2662
136200,2662
136300,2662
136400,2662
136500,2662
136600,2662
136700,2662
136800,2662
136900,2662
137000,2662
137100,2662
137200,2662
137300,2662
137400,2662
137500,2662
137600,2662
137700,2662
137800,2662
137900,2662
138000,2662
138100,2662
138200,2662
138300,2662
138400,2662
138500,2662
138600,2662
138700,2662
138800,2662
138900,2662
139000,2662
139100,2662
139200,2662
139300,2662
139400,2662
139500,2662
139600,2662
139700,2662
139800,2662
139900,2662
140000,2662
140100,2662
140200,2662
140300,2662
140400,2662
140500,2662
140600,2662
140700,2662
140800,2662
140900,2662
141000,2662
141100,2662
141200,2662
141300,2662
141400,2662
141500,2662
141600,2662
141700,2662
141800,2662
141900,2662
142000,2662
142100,2662
142200,2662
142300,2662
142400,2662
142500,2662
142600,2662
142700,2662
142800,2662
142900,2662
143000,2662
143100,2662
143200,2662
143300,2662
143400,2662
143500,2662
143600,2662
143700,2662
143800,2662
143900,2662
144000,2662
144100,2662
144200,2662
144300,2662
144400,2662
144500,2662
144600,2662
144700,2662
144800,2662
144900,2662
145000,2662
145100,2662
145200,2662
145300,2662
145400,2662
145500,2662
145600,2662
145700,2662
145800,2662
145900,2662
146000,2662
146100,2662
146200,2662
146300,2662
146400,2662
146500,2662
146600,2662
146700,2662
146800,2662
146900,2662
147000,2662
147100,2662
147200,2662
147300,2662
147400,2662
147500,2662
147600,2662
147700,2662
147800,2662
147900,2662
148000,2662
148100,2662
148200,2662
148300,2662
148400,2662
148500,2662
148600,2662
148700,2662
148800,2662
148900,2662
149000,2662
149100,2662
149200,2662
149300,2662
149400,2662
149500,2662
149600,2662
149700,2662
149800,2662
149900,2662
150000,2662
150100,2662
150200,2662
150300,2662
150400,2662
150500,2662
150600,2662
150700,2662
150800,2662
150900,2662
151000,2662
151100,2662
151200,2662
151300,2662
151400,2662
151500,2662
151600,2662
151700,2662
151800,2662
151900,2662
152000,2662
152100,2662
152200,2662
152300,2662
152400,2662
152500,2662
152600,2662
152700,2662
152800,2662
152900,2662
153000,2662
153100,2662
153200,2662
153300,2662
153400,2662
153500,2662
153600,2662
153700,2662
153800,2662
153900,2662
154000,2662
154100,2662
154200,2662
154300,2662
154400,2662
154500,2662
154600,2662
154700,2662
154800,2662
154900,2662
155000,2662
155100,2662
155200,2662
155300,2662
155400,2662
155500,2662
155600,2662
155700,2662
155800,2662
155900,2662
156000,2662
156100,2662
156200,2662
156300,2662
156400,2662
156500,2662
156600,2662
156700,2662
156800,2662
156900,2662
157000,2662
157100,2662
157200,2662
157300,2662
157400,2662
157500,2662
157600,2662
157700,2662
157800,2662
157900,2662
158000,2662
158100,2662
158200,2662
158300,2662
158400,2662
158500,2662
158600,2662
158700,2662
158800,2662
158900,2662
159000,2662
159100,2662
159200,2662
159300,2662
159400,2662
159500,2662
159600,2662
159700,2662
159800,2662
159900,2662
160000,2662
160100,2662
160200,2662
160300,2662
160400,2662
160500,2662
160600,2662
160700,2662
160800,2662
160900,2662
161000,2662
161100,2662
161200,2662
161300,2662
161400,2662
161500,2662
161600,2662
161700,2662
161800,2662
161900,2662
162000,2662
162100,2662
162200,2662
162300,2662
162400,2662
162500,2662
162600,2662
162700,2662
162800,2662
162900,2662
163000,2662
163100,2662
163200,2662
163300,2662
163400,2662
163500,2662
163600,2662
163700,2662
163800,2662
163900,2662
164000,2662
164100,2662
164200,2662
164300,2662
164400,2662
164500,2662
164600,2662
164700,2662
164800,2662
164900,2662
165000,2662
165100,2662
165200,2662
165300,2662
165400,2662
165500,2662
165600,2662
165700,2662
165800,2662
165900,2662
166000,2662
166100,2662
166200,2662
166300,2662
166400,2662
166500,2662
166600,2662
166700,2662
166800,2662
166900,2662
167000,2662
167100,2662
167200,2662
167300,2662
167400,2662
167500,2662
167600,2662
167700,2662
167800,2662
167900,2662
168000,2662
168100,2662
168200,2662
168300,2662
168400,2662
168500,2662
168600,2662
168700,2662
168800,2662
168900,2662
169000,2662
169100,2662
169200,2662
169300,2662
169400,2662
169500,2662
169600,2662
169700,2662
169800,2662
169900,2662
170000,2662
170100,2662
170200,2662
170300,2662
170400,2662
170500,2662
170600,2662
170700,2662
170800,2662
170900,2662
171000,2662
171100,2662
171200,2662
171300,2662
171400,2662
171500,2662
171600,2662
171700,2662
171800,2662
171900,2662
172000,2662
172100,2662
172200,2662
172300,2662
172400,2662
172500,2662
172600,2662
172700,2662
172800,2662
172900,2662
173000,2662
173100,2662
173200,2662
173300,2662
173400,2662
173500,2662
173600,2662
173700,2662
173800,2662
173900,2662
174000,2662
174100,2662
174200,2662
174300,2662
174400,2662
174500,2662
174600,2662
174700,2662
174800,2662
174900,2662
175000,2662
175100,2662
175200,2662
175300,2662
175400,2662
175500,2662
175600,2662
175700,2662
175800,2662
175900,2662
176000,2662
176100,2662
176200,2662
176300,2662
176400,2662
176500,2662
176600,2662
176700,2662
176800,2662
176900,2662
177000,2662
177100,2662
177200,2662
177300,2662
177400,2662
177500,2662
177600,2662
177700,2662
177800,2662
177900,2662
178000,2662
178100,2662
178200,2662
178300,2662
178400,2662
178500,2662
178600,2662
178700,2662
178800,2662
178900,2662
179000,2662
179100,2662
179200,2662
179300,2662
179400,2662
179500,2662
179600,2662
179700,2662
179800,2662
179900,2662
180000,2662
180100,2662
180200,2662
180300,2662
180400,2662
180500,2662
180600,2662
180700,2662
180800,2662
180900,2662
181000,2662
181100,2662
181200,2662
181300,2662
181400,2662
181500,2662
181600,2662
181700,2662
181800,2662
181900,2662
182000,2662
182100,2662
182200,2662
182300,2662
182400,2662
182500,2662
182600,2662
182700,2662
182800,2662
182900,2662
183000,2662
183100,2662
183200,2662
183300,2662
183400,2662
183500,2662
183600,2662
183700,2662
183800,2662
183900,2662
184000,2662
184100,2662
184200,2662
184300,2662
184400,2662
184500,2662
184600,2662
184700,2662
184800,2662
184900,2662
185000,2662
185100,2662
185200,2662
185300,2662
185400,2662
185500,2662
185600,2662
185700,2662
185800,2662
185900,2662
186000,2662
186100,2662
186200,2662
186300,2662
186400,2662
186500,2662
186600,2662
186700,2662
186800,2662
186900,2662
187000,2662
187100,2662
187200,2662
187300,2662
187400,2662
187500,2662
187600,2662
187700,2662
187800,2662
187900,2662
188000,2662
188100,2662
188200,2662
188300,2662
188400,2662
188500,2662
188600,2662
188700,2662
188800,2662
188900,2662
189000,2662
189100,2662
189200,2662
189300,2662
189400,2662
189500,2662
189600,2662
189700,2662
189800,2662
189900,2662
190000,2662
190100,2662
190200,2662
190300,2662
190400,2662
190500,2662
190600,2662
190700,2662
190800,2662
190900,2662
191000,2662
191100,2662
191200,2662
191300,2662
191400,2662
191500,2662
191600,2662
191700,2662
191800,2662
191900,2662
192000,2662
192100,2662
192200,2662
192300,2662
192400,2662
192500,2662
192600,2662
192700,2662
192800,2662
192900,2662
193000,2662
193100,2662
193200,2662
193300,2662
193400,2662
193500,2662
193600,2662
193700,2662
193800,2662
193900,2662
194000,2662
194100,2662
194200,2662
194300,2662
194400,2662
194500,2662
194600,2662
194700,2662
194800,2662
194900,2662
195000,2662
195100,2662
195200,2662
195300,2662
195400,2662
195500,2662
195600,2662
195700,2662
195800,2662
195900,2662
196000,2662
196100,2662
196200,2662
196300,2662
196400,2662
196500,2662
196600,2662
196700,2662
196800,2662
196900,2662
197000,2662
197100,2662
197200,2662
197300,2662
197400,2662
197500,2662
197600,2662
197700,2662
197800,2662
197900,2662
198000,2662
198100,2662
198200,2662
198300,2662
198400,2662
198500,2662
198600,2662
198700,2662
198800,2662
198900,2662
199000,2662
199100,2662
199200,2662
199300,2662
199400,2662
199500,2662
199600,2662
199700,2662
199800,2662
199900,2662
200000,2662
200100,2662
200200,2662
200300,2662
200400,2662
200500,2662
200600,2662
200700,2662
200800,2662
200900,2662
201000,2662
201100,2662
201200,2662
201300,2662
201400,2662
201500,2662
201600,2662
201700,2662
201800,2662
201900,2662
202000,2662
202100,2662
202200,2662
202300,2662
202400,2662
202500,2662
202600,2662
202700,2662
202800,2662
202900,2662
203000,2662
203100,2662
203200,2662
203300,2662
203400,2662
203500,2662
203600,2662
203700,2662
203800,2662
203900,2662
204000,2662
204100,2662
204200,2662
204300,2662
204400,2662
204500,2662
204600,2662
204700,2662
204800,2662
204900,2662
205000,2662
205100,2662
205200,2662
205300,2662
205400,2662
205500,2662
205600,2662
205700,2662
205800,2662
205900,2662
206000,2662
206100,2662
206200,2662
206300,2662
206400,2662
206500,2662
206600,2662
206700,2662
206800,2662
206900,2662
207000,2662
207100,2662
207200,2662
207300,2662
207400,2662
207500,2662
207600,2662
207700,2662
207800,2662
207900,2662
208000,2662
208100,2662
208200,2662
208300,2662
208400,2662
208500,2662
208600,2662
208700,2662
208800,2662
208900,2662
209000,2662
209100,2662
209200,2662
209300,2662
209400,2662
209500,2662
209600,2662
209700,2662
209800,2662
209900,2662
210000,2662
210100,2662
210200,2662
210300,2662
210400,2662
210500,2662
210600,2662
210700,2662
210800,2662
210900,2662
211000,2662
211100,2662
211200,2662
211300,2662
211400,2662
211500,2662
211600,2662
211700,2662
211800,2662
211900,2662
212000,2662
212100,2662
212200,2662
212300,2662
212400,2662
212500,2662
212600,2662
212700,2662
212800,2662
212900,2662
213000,2662
213100,2662
213200,2662
213300,2662
213400,2662
213500,2662
213600,2662
213700,2662
213800,2662
213900,2662
214000,2662
214100,2662
214200,2662
214300,2662
214400,2662
214500,2662
214600,2662
214700,2662
214800,2662
214900,2662
215000,2662
215100,2662
215200,2662
215300,2662
215400,2662
215500,2662
215600,2662
215700,2662
215800,2662
215900,2662
216000,2662
216100,2662
216200,2662
216300,2662
216400,2662
216500,2662
216600,2662
216700,2662
216800,2662
216900,2662
217000,2662
217100,2662
217200,2662
217300,2662
217400,2662
217500,2614
217600,2614
217700,2614
217800,2614
217900,2614
218000,2614
218100,2614
218200,2614
218300,2614
218400,2614
218500,2614
218600,2614
218700,2614
218800,2614
218900,2614
219000,2614
219100,2614
219200,2614
219300,2614
219400,2614
219500,2614
219600,2614
219700,2614
219800,2614
219900,2614
220000,2614
220100,2614
220200,2614
220300,2614
220400,2614
220500,2614
220600,2614
220700,2614
220800,2614
220900,2614
221000,2614
221100,2614
221200,2614
221300,2614
221400,2614
221500,2614
221600,2614
221700,2614
221800,2614
221900,2614
222000,2614
222100,2614
222200,2614
222300,2614
222400,2614
222500,2614
222600,2614
222700,2614
222800,2614
222900,2614
223000,2614
223100,2614
223200,2614
223300,2614
223400,2614
223500,2614
223600,2614
223700,2614
223800,2614
223900,2614
224000,2614
224100,2614
224200,2614
224300,2614
224400,2614
224500,2614
224600,2614
224700,2614
224800,2614
224900,2614
225000,2614
225100,2614
225200,2614
225300,2614
225400,2614
225500,2614
225600,2614
225700,2614
225800,2614
225900,2614
226000,2614
226100,2614
226200,2614
226300,2614
226400,2614
226500,2614
226600,2614
226700,2614
226800,2614
226900,2614
227000,2614
227100,2614
227200,2614
227300,2614
227400,2614
227500,2614
227600,2614
227700,2614
227800,2614
227900,2614
228000,2614
228100,2614
228200,2614
228300,2614
228400,2614
228500,2614
228600,2614
228700,2614
228800,2614
228900,2614
229000,2614
229100,2614
229200,2614
229300,2614
229400,2614
229500,2614
229600,2614
229700,2614
229800,2614
229900,2614
230000,2614
230100,2614
230200,2614
230300,2614
230400,2614
230500,2614
230600,2614
230700,2614
230800,2614
230900,2614
231000,2614
231100,2614
231200,2614
231300,2614
231400,2614
231500,2614
231600,2614
231700,2614
231800,2614
231900,2614
232000,2614
232100,2614
232200,2614
232300,2614
232400,2614
232500,2614
232600,2614
232700,2614
232800,2614
232900,2614
233000,2614
233100,2614
233200,2614
233300,2614
233400,2614
233500,2614
233600,2614
233700,2614
233800,2614
233900,2614
234000,2614
234100,2614
234200,2614
234300,2614
234400,2614
234500,2614
234600,2614
234700,2614
234800,2614
234900,2614
235000,2614
235100,2614
235200,2614
235300,2614
235400,2614
235500,2614
235600,2614
235700,2614
235800,2614
235900,2614
236000,2614
236100,2614
236200,2614
236300,2614
236400,2614
236500,2614
236600,2614
236700,2614
236800,2614
236900,2614
237000,2614
237100,2614
237200,2614
237300,2614
237400,2614
237500,2614
237600,2614
237700,2614
237800,2614
237900,2614
238000,2614
238100,2614
238200,2614
238300,2614
238400,2614
238500,2614
238600,2614
238700,2614
238800,2614
238900,2614
239000,2614
239100,2614
239200,2614
239300,2614
239400,2614
239500,2614
239600,2614
239700,2614
239800,2614
239900,2614
240000,2614
240100,2614
240200,2614
240300,2614
240400,2614
240500,2614
240600,2614
240700,2614
240800,2614
240900,2614
241000,2614
241100,2614
241200,2614
241300,2614
241400,2614
241500,2614
241600,2614
241700,2614
241800,2614
241900,2614
242000,2614
242100,2614
242200,2614
242300,2614
242400,2614
242500,2614
242600,2614
242700,2614
242800,2614
242900,2614
243000,2614
243100,2614
243200,2614
243300,2614
243400,2614
243500,2614
243600,2614
243700,2614
243800,2614
243900,2614
244000,2614
244100,2614
244200,2614
244300,2614
244400,2614
244500,2614
244600,2614
244700,2614
244800,2614
244900,2614
245000,2614
245100,2614
245200,2614
245300,2614
245400,2614
245500,2614
245600,2614
245700,2614
245800,2614
245900,2614
246000,2614
246100,2614
246200,2614
246300,2614
246400,2614
246500,2614
246600,2614
246700,2614
246800,2614
246900,2614
247000,2614
247100,2614
247200,2614
247300,2614
247400,2614
247500,2614
247600,2614
247700,2614
247800,2614
247900,2614
248000,2614
248100,2614
248200,2614
248300,2614
248400,2614
248500,2614
248600,2614
248700,2614
248800,2614
248900,2614
249000,2614
249100,2614
249200,2614
249300,2614
249400,2614
249500,2614
249600,2614
249700,2614
249800,2614
249900,2614
250000,2614
250100,2614
250200,2614
250300,2614
250400,2614
250500,2614
250600,2614
250700,2614
250800,2614
250900,2614
251000,2614
251100,2614
251200,2614
251300,2614
251400,2614
251500,2614
251600,2614
251700,2614
251800,2614
251900,2614
252000,2614
252100,2614
252200,2614
252300,2614
252400,2614
252500,2614
252600,2614
252700,2614
252800,2614
252900,2614
253000,2614
253100,2614
253200,2614
253300,2614
253400,2614
253500,2614
253600,2614
253700,2614
253800,2614
253900,2614
254000,2614
254100,2614
254200,2614
254300,2614
254400,2614
254500,2614
254600,2614
254700,2614
254800,2614
254900,2614
255000,2614
255100,2614
255200,2614
255300,2614
255400,2614
255500,2614
255600,2614
255700,2614
255800,2614
255900,2614
256000,2614
256100,2614
256200,2614
256300,2614
256400,2614
256500,2614
256600,2614
256700,2614
256800,2614
256900,2614
257000,2614
257100,2614
257200,2614
257300,2614
257400,2614
257500,2614
257600,2614
257700,2614
257800,2614
257900,2614
258000,2614
258100,2614
258200,2614
258300,2614
258400,2614
258500,2614
258600,2614
258700,2614
258800,2614
258900,2614
259000,2614
259100,2614
259200,2614
259300,2614
259400,2614
259500,2614
259600,2614
259700,2614
259800,2614
259900,2614
260000,2614
260100,2614
260200,2614
260300,2614
260400,2614
260500,2614
260600,2614
260700,2614
260800,2614
260900,2614
261000,2614
261100,2614
261200,2614
261300,2614
261400,2614
261500,2614
261600,2614
261700,2614
261800,2614
261900,2614
262000,2614
262100,2614
262200,2614
262300,2614
262400,2614
262500,2614
262600,2614
262700,2614
262800,2614
262900,2614
263000,2614
263100,2614
263200,2614
263300,2614
263400,2614
263500,2614
263600,2614
263700,2614
263800,2614
263900,2614
264000,2614
264100,2614
264200,2614
264300,2614
264400,2614
264500,2614
264600,2614
264700,2614
264800,2614
264900,2614
265000,2614
265100,2614
265200,2614
265300,2614
265400,2614
265500,2614
265600,2614
265700,2614
265800,2614
265900,2614
266000,2614
266100,2614
266200,2614
266300,2614
266400,2614
266500,2614
266600,2614
266700,2614
266800,2614
266900,2614
267000,2614
267100,2614
267200,2614
267300,2614
267400,2614
267500,2614
267600,2614
267700,2614
267800,2614
267900,2614
268000,2614
268100,2614
268200,2614
268300,2614
268400,2614
268500,2614
268600,2614
268700,2614
268800,2614
268900,2614
269000,2614
269100,2614
269200,2614
269300,2614
269400,2614
269500,2614
269600,2614
269700,2614
269800,2614
269900,2614
270000,2614
270100,2614
270200,2614
270300,2614
270400,2614
270500,2614
270600,2614
270700,2614
270800,2614
270900,2614
271000,2614
271100,2614
271200,2614
271300,2614
271400,2614
271500,2614
271600,2614
271700,2614
271800,2614
271900,2614
272000,2614
272100,2614
272200,2614
272300,2614
272400,2614
272500,2614
272600,2614
272700,2614
272800,2614
272900,2614
273000,2614
273100,2614
273200,2614
273300,2614
273400,2614
273500,2614
273600,2614
273700,2614
273800,2614
273900,2614
274000,2614
274100,2614
274200,2614
274300,2614
274400,2614
274500,2614
274600,2614
274700,2614
274800,2614
274900,2614
275000,2614
275100,2614
275200,2614
275300,2614
275400,2614
275500,2614
275600,2614
275700,2614
275800,2614
275900,2614
276000,2614
276100,2614
276200,2614
276300,2614
276400,2614
276500,2614
276600,2614
276700,2614
276800,2614
276900,2614
277000,2614
277100,2614
277200,2614
277300,2614
277400,2614
277500,2614
277600,2614
277700,2614
277800,2614
277900,2614
278000,2614
278100,2614
278200,2614
278300,2614
278400,2614
278500,2614
278600,2614
278700,2614
278800,2614
278900,2614
279000,2614
279100,2614
279200,2614
279300,2614
279400,2614
279500,2614
279600,2614
279700,2614
279800,2614
279900,2614
280000,2614
280100,2614
280200,2614
280300,2614
280400,2614
280500,2614
280600,2614
280700,2614
280800,2614
280900,2614
281000,2614
281100,2614
281200,2614
281300,2614
281400,2614
281500,2614
281600,2614
281700,2614
281800,2614
281900,2614
282000,2614
282100,2614
282200,2614
282300,2614
282400,2614
282500,2614
282600,2614
282700,2614
282800,2614
282900,2614
283000,2614
283100,2614
283200,2614
283300,2614
283400,2614
283500,2614
283600,2614
283700,2614
283800,2614
283900,2614
284000,2614
284100,2614
284200,2614
284300,2614
284400,2614
284500,2614
284600,2614
284700,2614
284800,2614
284900,2614
285000,2614
285100,2614
285200,2614
285300,2614
285400,2614
285500,2614
285600,2614
285700,2614
285800,2614
285900,2614
286000,2614
286100,2614
286200,2614
286300,2614
286400,2614
286500,2614
286600,2614
286700,2614
286800,2614
286900,2614
287000,2614
287100,2614
287200,2614
287300,2614
287400,2614
287500,2614
287600,2614
287700,2614
287800,2614
287900,2614
288000,2614
288100,2614
288200,2614
288300,2614
288400,2614
288500,2614
288600,2614
288700,2614
288800,2614
288900,2614
289000,2614
289100,2614
289200,2614
289300,2614
289400,2614
289500,2614
289600,2614
289700,2614
289800,2614
289900,2614
290000,2614
290100,2614
290200,2614
290300,2614
290400,2614
290500,2614
290600,2614
290700,2614
290800,2614
290900,2614
291000,2614
291100,2614
291200,2614
291300,2614
291400,2614
291500,2614
291600,2614
291700,2614
291800,2614
291900,2614
292000,2614
292100,2614
292200,2614
292300,2614
292400,2614
292500,2614
292600,2614
292700,2614
292800,2614
292900,2614
293000,2614
293100,2614
293200,2614
293300,2614
293400,2614
293500,2614
293600,2614
293700,2614
293800,2614
293900,2614
294000,2614
294100,2614
294200,2614
294300,2614
294400,2614
294500,2614
294600,2614
294700,2614
294800,2614
294900,2614
295000,2614
295100,2614
295200,2614
295300,2614
295400,2614
295500,2614
295600,2614
295700,2614
295800,2614
295900,2614
296000,2614
296100,2614
296200,2614
296300,2614
296400,2614
296500,2614
296600,2614
296700,2614
296800,2614
296900,2614
297000,2614
297100,2614
297200,2614
297300,2614
297400,2614
297500,2614
297600,2614
297700,2614
297800,2614
297900,2614
298000,2614
298100,2614
298200,2614
298300,2614
298400,2614
298500,2614
298600,2614
298700,2614
298800,2614
298900,2614
299000,2614
299100,2614
299200,2614
299300,2614
299400,2614
299500,2614
299600,2614
299700,2614
299800,2614
299900,2614
300000,2614
300100,2614
300200,2614
300300,2614
300400,2614
300500,2614
300600,2614
300700,2614
300800,2614
300900,2614
301000,2614
301100,2614
301200,2614
301300,2614
301400,2614
301500,2614
301600,2614
301700,2614
301800,2614
301900,2614
302000,2614
302100,2614
302200,2614
302300,2614
302400,2614
302500,2614
302600,2614
302700,2614
302800,2614
302900,2614
303000,2614
303100,2614
303200,2614
303300,2614
303400,2614
303500,2614
303600,2614
303700,2614
303800,2614
303900,2614
304000,2614
304100,2614
304200,2614
304300,2614
304400,2614
304500,2614
304600,2614
304700,2614
304800,2614
304900,2614
305000,2614
305100,2614
305200,2614
305300,2614
305400,2614
305500,2614
305600,2614
305700,2614
305800,2614
305900,2614
306000,2614
306100,2614
306200,2614
306300,2614
306400,2614
306500,2614
306600,2614
306700,2614
306800,2614
306900,2614
307000,2614
307100,2614
307200,2614
307300,2614
307400,2614
307500,2614
307600,2614
307700,2614
307800,2614
307900,2614
308000,2614
308100,2614
308200,2614
308300,2614
308400,2614
308500,2614
308600,2614
308700,2614
308800,2614
308900,2614
309000,2614
309100,2614
309200,2614
309300,2614
309400,2614
309500,2614
309600,2614
309700,2614
309800,2614
309900,2614
310000,2614
310100,2614
310200,2614
310300,2614
310400,2614
310500,2614
310600,2614
310700,2614
310800,2614
310900,2614
311000,2614
311100,2614
311200,2614
311300,2614
311400,2614
311500,2614
311600,2614
311700,2614
311800,2614
311900,2614
312000,2614
312100,2614
312200,2614
312300,2614
312400,2614
312500,2614
312600,2614
312700,2614
312800,2614
312900,2614
313000,2614
313100,2614
313200,2614
313300,2614
313400,2614
313500,2614
313600,2614
313700,2614
313800,2614
313900,2614
314000,2614
314100,2614
314200,2614
314300,2614
314400,2614
314500,2614
314600,2614
314700,2614
314800,2614
314900,2614
315000,2614
315100,2614
315200,2614
315300,2614
315400,2614
315500,2614
315600,2614
315700,2614
315800,2614
315900,2614
316000,2614
316100,2614
316200,2614
316300,2614
316400,2614
316500,2614
316600,2614
316700,2614
316800,2614
316900,2614
317000,2614
317100,2614
317200,2614
317300,2614
317400,2614
317500,2614
317600,2614
317700,2614
317800,2614
317900,2614
318000,2614
318100,2614
318200,2614
318300,2614
318400,2614
318500,2614
318600,2614
318700,2614
318800,2614
318900,2614
319000,2614
319100,2614
319200,2614
319300,2614
319400,2614
319500,2614
319600,2614
319700,2614
319800,2614
319900,2614
320000,2614
320100,2614
320200,2614
320300,2614
320400,2614
320500,2614
320600,2614
320700,2614
320800,2614
320900,2614
321000,2614
321100,2614
321200,2614
321300,2614
321400,2614
321500,2614
321600,2614
321700,2614
321800,2614
321900,2614
322000,2614
322100,2614
322200,2614
322300,2614
322400,2614
322500,2614
322600,2614
322700,2614
322800,2614
322900,2614
323000,2614
323100,2614
323200,2614
323300,2614
323400,2614
323500,2614
323600,2614
323700,2614
323800,2614
323900,2614
324000,2614
324100,2614
324200,2614
324300,2614
324400,2614
324500,2614
324600,2614
324700,2614
324800,2614
324900,2614
325000,2614
325100,2614
325200,2614
325300,2614
325400,2614
325500,2614
325600,2614
325700,2614
325800,2614
325900,2614
326000,2614
326100,2614
326200,2614
326300,2614
326400,2614
326500,2614
326600,2614
326700,2614
326800,2614
326900,2614
327000,2614
327100,2614
327200,2614
327300,2614
327400,2614
327500,2614
327600,2614
327700,2614
327800,2614
327900,2614
328000,2614
328100,2614
328200,2614
328300,2614
328400,2614
328500,2614
328600,2614
328700,2614
328800,2614
328900,2614
329000,2614
329100,2614
329200,2614
329300,2614
329400,2614
329500,2614
329600,2614
329700,2614
329800,2614
329900,2614
330000,2614
330100,2614
330200,2614
330300,2614
330400,2614
330500,2614
330600,2614
330700,2614
330800,2614
330900,2614
331000,2614
331100,2614
331200,2614
331300,2614
331400,2614
331500,2614
331600,2614
331700,2614
331800,2614
331900,2614
332000,2614
332100,2614
332200,2614
332300,2614
332400,2614
332500,2614
332600,2614
332700,2614
332800,2614
332900,2614
333000,2614
333100,2614
333200,2614
333300,2614
333400,2614
333500,2614
333600,2614
333700,2614
333800,2614
333900,2614
334000,2614
334100,2614
334200,2614
334300,2614
334400,2614
334500,2614
334600,2614
334700,2614
334800,2614
334900,2614
335000,2614
335100,2614
335200,2614
335300,2614
335400,2614
335500,2614
335600,2614
335700,2614
335800,2614
335900,2614
336000,2614
336100,2614
336200,2614
336300,2614
336400,2614
336500,2614
336600,2614
336700,2614
336800,2614
336900,2614
337000,2614
337100,2614
337200,2614
337300,2614
337400,2614
337500,2614
337600,2614
337700,2614
337800,2614
337900,2614
338000,2614
338100,2614
338200,2614
338300,2614
338400,2614
338500,2614
338600,2614
338700,2614
338800,2614
338900,2614
339000,2614
339100,2614
339200,2614
339300,2614
339400,2614
339500,2614
339600,2614
339700,2614
339800,2614
339900,2614
340000,2614
340100,2614
340200,2614
340300,2614
340400,2614
340500,2614
340600,2614
340700,2614
340800,2614
340900,2614
341000,2614
341100,2614
341200,2614
341300,2614
341400,2614
341500,2614
341600,2614
341700,2614
341800,2614
341900,2614
342000,2614
342100,2614
342200,2614
342300,2614
342400,2614
342500,2614
342600,2614
342700,2614
342800,2614
342900,2614
343000,2614
343100,2614
343200,2614
343300,2614
343400,2614
343500,2614
343600,2614
343700,2614
343800,2614
343900,2614
344000,2614
344100,2614
344200,2614
344300,2614
344400,2614
344500,2614
344600,2614
344700,2614
344800,2614
344900,2614
345000,2614
345100,2614
345200,2614
345300,2614
345400,2614
345500,2614
345600,2614
345700,2614
345800,2614
345900,2614
346000,2614
346100,2614
346200,2614
346300,2614
346400,2614
346500,2614
346600,2614
346700,2614
346800,2614
346900,2614
347000,2614
347100,2614
347200,2614
347300,2614
347400,2614
347500,2614
347600,2614
347700,2614
347800,2614
347900,2614
348000,2614
348100,2614
348200,2614
348300,2614
348400,2614
348500,2614
348600,2614
348700,2614
348800,2614
348900,2614
349000,2614
349100,2614
349200,2614
349300,2614
349400,2614
349500,2614
349600,2614
349700,2614
349800,2614
349900,2614
350000,2614
350100,2614
350200,2614
350300,2614
350400,2614
350500,2614
350600,2614
350700,2614
350800,2614
350900,2614
351000,2614
351100,2614
351200,2614
351300,2614
351400,2614
351500,2614
351600,2614
351700,2614
351800,2614
351900,2614
352000,2614
352100,2614
352200,2614
352300,2614
352400,2614
352500,2614
352600,2614
352700,2614
352800,2614
352900,2614
353000,2614
353100,2614
353200,2614
353300,2614
353400,2614
353500,2614
353600,2614
353700,2614
353800,2614
353900,2614
354000,2614
354100,2614
354200,2614
354300,2614
354400,2614
354500,2614
354600,2614
354700,2614
354800,2614
354900,2614
355000,2614
355100,2614
355200,2614
355300,2614
355400,2614
355500,2614
355600,2614
355700,2614
355800,2614
355900,2614
356000,2614
356100,2614
356200,2614
356300,2614
356400,2614
356500,2614
356600,2614
356700,2614
356800,2614
356900,2614
357000,2614
357100,2614
357200,2614
357300,2614
357400,2614
357500,2614
357600,2614
357700,2614
357800,2614
357900,2614
358000,2614
358100,2614
358200,2614
358300,2614
358400,2614
358500,2614
358600,2614
358700,2614
358800,2614
358900,2614
359000,2614
359100,2614
359200,2614
359300,2614
359400,2614
359500,2614
359600,2614
359700,2614
359800,2614
359900,2614
360000,2614
360100,2614
360200,2614
360300,2614
360400,2614
360500,2614
360600,2614
360700,2614
360800,2614
360900,2614
361000,2614
361100,2614
361200,2614
361300,2614
361400,2614
361500,2614
361600,2614
361700,2614
361800,2614
361900,2614
362000,2614
362100,2614
362200,2614
362300,2614
362400,2614
362500,2614
362600,2614
362700,2614
362800,2614
362900,2614
363000,2614
363100,2614
363200,2614
363300,2614
363400,2614
363500,2614
363600,2614
363700,2614
363800,2614
363900,2614
364000,2614
364100,2614
364200,2614
364300,2614
364400,2614
364500,2614
364600,2614
364700,2614
364800,2614
364900,2614
365000,2614
365100,2614
365200,2614
365300,2614
365400,2614
365500,2614
365600,2614
365700,2614
365800,2614
365900,2614
366000,2614
366100,2614
366200,2614
366300,2614
366400,2614
366500,2614
366600,2614
366700,2614
366800,2614
366900,2614
367000,2614
367100,2614
367200,2614
367300,2614
367400,2614
367500,2614
367600,2614
367700,2614
367800,2614
367900,2614
368000,2614
368100,2614
368200,2614
368300,2614
368400,2614
368500,2614
368600,2614
368700,2614
368800,2614
368900,2614
369000,2614
369100,2614
369200,2614
369300,2614
369400,2614
369500,2614
369600,2614
369700,2614
369800,2614
369900,2614
370000,2614
370100,2614
370200,2614
370300,2614
370400,2614
370500,2614
370600,2614
370700,2614
370800,2614
370900,2614
371000,2614
371100,2614
371200,2614
371300,2614
371400,2614
371500,2614
371600,2614
371700,2614
371800,2614
371900,2614
372000,2614
372100,2614
372200,2614
372300,2614
372400,2614
372500,2614
372600,2614
372700,2614
372800,2614
372900,2614
373000,2614
373100,2614
373200,2614
373300,2614
373400,2614
373500,2614
373600,2614
373700,2614
373800,2614
373900,2614
374000,2614
374100,2614
374200,2614
374300,2614
374400,2614
374500,2614
374600,2614
374700,2614
374800,2614
374900,2614
375000,2614
375100,2614
375200,2614
375300,2614
375400,2614
375500,2614
375600,2614
375700,2614
375800,2614
375900,2614
376000,2614
376100,2614
376200,2614
376300,2614
376400,2614
376500,2614
376600,2614
376700,2614
376800,2614
376900,2614
377000,2614
377100,2614
377200,2614
377300,2614
377400,2614
377500,2614
377600,2614
377700,2614
377800,2614
377900,2614
378000,2614
378100,2614
378200,2614
378300,2614
378400,2614
378500,2614
378600,2614
378700,2614
378800,2614
378900,2614
379000,2614
379100,2614
379200,2614
379300,2614
379400,2614
379500,2614
379600,2614
379700,2614
379800,2614
379900,2614
380000,2614
380100,2614
380200,2614
380300,2614
380400,2614
380500,2614
380600,2614
380700,2614
380800,2614
380900,2614
381000,2614
381100,2614
381200,2614
381300,2614
381400,2614
381500,2614
381600,2614
381700,2614
381800,2614
381900,2614
382000,2614
382100,2614
382200,2614
382300,2614
382400,2614
382500,2614
382600,2614
382700,2614
382800,2614
382900,2614
383000,2614
383100,2614
383200,2614
383300,2614
383400,2614
383500,2614
383600,2614
383700,2614
383800,2614
383900,2614
384000,2614
384100,2614
384200,2614
384300,2614
384400,2614
384500,2614
384600,2614
384700,2614
384800,2614
384900,2614
385000,2614
385100,2614
385200,2614
385300,2614
385400,2614
385500,2614
385600,2614
385700,2614
385800,2614
385900,2614
386000,2614
386100,2614
386200,2614
386300,2614
386400,2614
386500,2614
386600,2614
386700,2614
386800,2614
386900,2614
387000,2614
387100,2614
387200,2614
387300,2614
387400,2614
387500,2614
387600,2614
387700,2614
387800,2614
387900,2614
388000,2614
388100,2614
388200,2614
388300,2614
388400,2614
388500,2614
388600,2614
388700,2614
388800,2614
388900,2614
389000,2614
389100,2614
389200,2614
389300,2614
389400,2614
389500,2614
389600,2614
389700,2614
389800,2614
389900,2614
390000,2614
390100,2614
390200,2614
390300,2614
390400,2614
390500,2614
390600,2614
390700,2614
390800,2614
390900,2614
391000,2614
391100,2614
391200,2614
391300,2614
391400,2614
391500,2614
391600,2614
391700,2614
391800,2614
391900,2614
392000,2614
392100,2614
392200,2614
392300,2614
392400,2614
392500,2614
392600,2614
392700,2614
392800,2614
392900,2614
393000,2614
393100,2614
393200,2614
393300,2614
393400,2614
393500,2614
393600,2614
393700,2614
393800,2614
393900,2614
394000,2614
394100,2614
394200,2614
394300,2614
394400,2614
394500,2614
394600,2614
394700,2614
394800,2614
394900,2614
395000,2614
395100,2614
395200,2614
395300,2614
395400,2614
395500,2614
395600,2614
395700,2614
395800,2614
395900,2614
396000,2614
396100,2614
396200,2614
396300,2614
396400,2614
396500,2614
396600,2614
396700,2614
396800,2614
396900,2614
397000,2614
397100,2614
397200,2614
397300,2614
397400,2614
397500,2614
397600,2614
397700,2614
397800,2614
397900,2614
398000,2614
398100,2614
398200,2614
398300,2614
398400,2614
398500,2614
398600,2614
398700,2614
398800,2614
398900,2614
399000,2614
399100,2614
399200,2614
399300,2614
399400,2614
399500,2614
399600,2614
399700,2614
399800,2614
399900,2614
400000,2614
400100,2614
400200,2614
400300,2614
400400,2614
400500,2614
400600,2614
400700,2614
400800,2614
400900,2614
401000,2614
401100,2614
401200,2614
401300,2614
401400,2614
401500,2614
401600,2614
401700,2614
401800,2614
401900,2614
402000,2614
402100,2614
402200,2614
402300,2614
402400,2614
402500,2614
402600,2614
402700,2614
402800,2614
402900,2614
403000,2614
403100,2614
403200,2614
403300,2614
403400,2614
403500,2614
403600,2614
403700,2614
403800,2614
403900,2614
404000,2614
404100,2614
404200,2614
404300,2614
404400,2614
404500,2614
404600,2614
404700,2614
404800,2614
404900,2614
405000,2614
405100,2614
405200,2614
405300,2614
405400,2614
405500,2614
405600,2614
405700,2614
405800,2614
405900,2614
406000,2614
406100,2614
406200,2614
406300,2614
406400,2614
406500,2614
406600,2614
406700,2614
406800,2614
406900,2614
407000,2614
407100,2614
407200,2614
407300,2614
407400,2614
407500,2614
407600,2614
407700,2614
407800,2614
407900,2614
408000,2614
408100,2614
408200,2614
408300,2614
408400,2614
408500,2614
408600,2614
408700,2614
408800,2614
408900,2614
409000,2614
409100,2614
409200,2614
409300,2614
409400,2614
409500,2614
409600,2614
409700,2614
409800,2614
409900,2614
410000,2614
410100,2614
410200,2614
410300,2614
410400,2614
410500,2614
410600,2614
410700,2614
410800,2614
410900,2614
411000,2614
411100,2614
411200,2614
411300,2614
411400,2614
411500,2614
411600,2614
411700,2614
411800,2614
411900,2614
412000,2614
412100,2614
412200,2614
412300,2614
412400,2614
412500,2614
412600,2614
412700,2614
412800,2614
412900,2614
413000,2614
413100,2614
413200,2614
413300,2614
413400,2614
413500,2614
413600,2614
413700,2614
413800,2614
413900,2614
414000,2614
414100,2614
414200,2614
414300,2614
414400,2614
414500,2614
414600,2614
414700,2614
414800,2614
414900,2614
415000,2614
415100,2614
415200,2614
415300,2614
415400,2614
415500,2614
415600,2614
415700,2614
415800,2614
415900,2614
416000,2614
416100,2614
416200,2614
416300,2614
416400,2614
416500,2614
416600,2614
416700,2614
416800,2614
416900,2614
417000,2614
417100,2614
417200,2614
417300,2614
417400,2614
417500,2614
417600,2614
417700,2614
417800,2614
417900,2614
418000,2614
418100,2614
418200,2614
418300,2614
418400,2614
418500,2614
418600,2614
418700,2614
418800,2614
418900,2614
419000,2614
419100,2614
419200,2614
419300,2614
419400,2614
419500,2614
419600,2614
419700,2614
419800,2614
419900,2614
420000,2614
420100,2614
420200,2614
420300,2614
420400,2614
420500,2614
420600,2614
420700,2614
420800,2614
420900,2614
421000,2614
421100,2614
421200,2614
421300,2614
421400,2614
421500,2614
421600,2614
421700,2614
421800,2614
421900,2614
422000,2614
422100,2614
422200,2614
422300,2614
422400,2614
422500,2614
422600,2614
422700,2614
422800,2614
422900,2614
423000,2614
423100,2614
423200,2614
423300,2614
423400,2614
423500,2614
423600,2614
423700,2614
423800,2614
423900,2614
424000,2614
424100,2614
424200,2614
424300,2614
424400,2614
424500,2614
424600,2614
424700,2614
424800,2614
424900,2614
425000,2614
425100,2614
425200,2614
425300,2614
425400,2614
425500,2614
425600,2614
425700,2614
425800,2614
425900,2614
426000,2614
426100,2614
426200,2614
426300,2614
426400,2614
426500,2614
426600,2614
426700,2614
426800,2614
426900,2614
427000,2614
427100,2614
427200,2614
427300,2614
427400,2614
427500,2614
427600,2614
427700,2614
427800,2614
427900,2614
428000,2614
428100,2614
428200,2614
428300,2614
428400,2614
428500,2614
428600,2614
428700,2614
428800,2614
428900,2614
429000,2614
429100,2614
429200,2614
429300,2614
429400,2614
429500,2614
429600,2614
429700,2614
429800,2614
429900,2614
430000,2614
430100,2614
430200,2614
430300,2614
430400,2614
430500,2614
430600,2614
430700,2614
430800,2614
430900,2614
431000,2614
431100,2614
431200,2614
431300,2614
431400,2614
431500,2614
431600,2614
431700,2614
431800,2614
431900,2614
432000,2614
432100,2614
432200,2614
432300,2614
432400,2614
432500,2614
432600,2614
432700,2614
432800,2614
432900,2614
433000,2614
433100,2614
433200,2614
433300,2614
433400,2614
433500,2614
433600,2614
433700,2614
433800,2614
433900,2614
434000,2614
434100,2614
434200,2614
434300,2614
434400,2614
434500,2614
434600,2614
434700,2614
434800,2614
434900,2614
435000,2614
435100,2614
435200,2614
435300,2614
435400,2614
435500,2614
435600,2614
435700,2614
435800,2614
435900,2614
436000,2614
436100,2614
436200,2614
436300,2614
436400,2614
436500,2614
436600,2614
436700,2614
436800,2614
436900,2614
437000,2614
437100,2614
437200,2614
437300,2614
437400,2614
437500,2614
437600,2614
437700,2614
437800,2614
437900,2614
438000,2614
438100,2614
438200,2614
438300,2614
438400,2614
438500,2614
438600,2614
438700,2614
438800,2614
438900,2614
439000,2614
439100,2614
439200,2614
439300,2614
439400,2614
439500,2614
439600,2614
439700,2614
439800,2614
439900,2614
440000,2614
440100,2614
440200,2614
440300,2614
440400,2500
440500,2377
440600,2247
440700,2181
440800,2101
440900,2069
441000,2064
441100,2064
441200,2064
441300,2128
441400,2094
441500,2029
441600,2023
441700,2032
441800,2000
441900,2001
442000,2065
442100,2154
442200,2256
442300,2364
442400,2513
442500,2678
442600,2820
442700,2891
442800,2815
442900,2697
443000,2613
443100,2479
443200,2425
443300,2353
443400,2287
443500,2286
443600,2321
443700,2371
443800,2391
443900,2422
444000,2433
444100,2459
444200,2419
444300,2481
444400,2586
444500,2604
444600,2543
444700,2640
444800,2799
444900,2815
445000,3069
445100,3195
445200,3294
445300,3261
445400,3172
445500,3056
445600,2891
445700,2772
445800,2676
445900,2595
446000,2541
446100,2465
446200,2439
446300,2399
446400,2408
446500,2404
446600,2416
446700,2438
446800,2406
446900,2448
447000,2478
447100,2595
447200,2554
447300,2660
447400,2703
447500,2707
447600,2837
447700,2915
447800,2875
447900,2736
448000,2602
448100,2480
448200,2427
448300,2401
448400,2383
448500,2413
448600,2403
448700,2417
448800,2377
448900,2461
449000,2471
449100,2416
449200,2365
449300,2373
449400,2403
449500,2478
449600,2550
449700,2637
449800,2742
449900,2864
450000,3057
450100,3162
450200,3133
450300,2960
450400,2854
450500,2717
450600,2551
450700,2463
450800,2436
450900,2435
451000,2397
451100,2405
451200,2467
451300,2510
451400,2559
451500,2622
451600,2591
451700,2559
451800,2499
451900,2507
452000,2510
452100,2559
452200,2559
452300,2688
452400,2741
452500,2874
452600,3020
452700,3029
452800,2912
452900,2750
453000,2586
453100,2470
453200,2461
453300,2496
453400,2542
453500,2556
453600,2644
453700,2762
453800,2815
453900,2806
454000,2697
454100,2553
454200,2490
454300,2537
454400,2607
454500,2681
454600,2753
454700,2750
454800,2775
454900,2836
455000,2838
455100,2766
455200,2640
455300,2527
455400,2454
455500,2474
455600,2555
455700,2626
455800,2736
455900,2822
456000,2922
456100,2960
456200,2878
456300,2742
456400,2559
456500,2542
456600,2595
456700,2736
456800,2888
456900,3056
457000,3290
457100,3561
457200,3600
457300,3414
457400,3182
457500,2897
457600,2711
457700,2614
457800,2611
457900,2719
458000,2894
458100,3124
458200,3265
458300,3212
458400,2999
458500,2834
458600,2746
458700,2797
458800,2880
458900,3042
459000,3213
459100,3391
459200,3496
459300,3391
459400,3312
459500,3068
459600,2864
459700,2704
459800,2579
459900,2466
460000,2416
460100,2370
460200,2417
460300,2448
460400,2448
460500,2419
460600,2403
460700,2419
460800,2480
460900,2559
461000,2667
461100,2763
461200,2918
461300,3038
461400,3188
461500,3266
461600,3301
461700,3114
461800,2842
461900,2623
462000,2520
462100,2545
462200,2643
462300,2826
462400,2990
462500,3037
462600,3026
462700,2917
462800,2733
462900,2559
463000,2481
463100,2586
463200,2765
463300,3006
463400,3261
463500,3450
463600,3499
463700,3299
463800,3024
463900,2711
464000,2471
464100,2338
464200,2280
464300,2311
464400,2439
464500,2530
464600,2586
464700,2541
464800,2445
464900,2386
465000,2391
465100,2463
465200,2486
465300,2559
465400,2612
465500,2718
465600,2874
465700,2866
465800,2757
465900,2624
466000,2446
466100,2371
466200,2384
466300,2487
466400,2656
466500,2821
466600,2899
466700,2868
466800,2704
466900,2550
467000,2463
467100,2455
467200,2527
467300,2658
467400,2801
467500,2923
467600,3035
467700,3136
467800,3094
467900,3058
468000,2885
468100,2678
468200,2437
468300,2359
468400,2335
468500,2291
468600,2257
468700,2288
468800,2426
468900,2523
469000,2535
469100,2464
469200,2379
469300,2352
469400,2375
469500,2416
469600,2475
469700,2591
469800,2721
469900,2826
470000,2815
470100,2699
470200,2551
470300,2439
470400,2372
470500,2370
470600,2421
470700,2506
470800,2608
470900,2709
471000,2802
471100,2794
471200,2736
471300,2650
471400,2608
471500,2559
471600,2559
471700,2634
471800,2755
471900,2847
472000,3005
472100,3153
472200,3263
472300,3007
472400,2849
472500,2743
472600,2603
472700,2470
472800,2422
472900,2480
473000,2627
473100,2768
473200,2899
473300,2882
473400,2759
473500,2609
473600,2487
473700,2473
473800,2531
473900,2672
474000,2773
474100,2879
474200,3062
474300,3216
474400,3293
474500,3178
474600,2992
474700,2800
474800,2645
474900,2513
475000,2448
475100,2474
475200,2465
475300,2483
475400,2515
475500,2559
475600,2641
475700,2726
475800,2787
475900,2864
476000,2947
476100,2981
476200,2893
476300,2707
476400,2582
476500,2536
476600,2534
476700,2559
476800,2674
476900,2670
477000,2774
477100,2873
477200,2999
477300,3178
477400,3227
477500,3358
477600,3472
477700,3425
477800,3203
477900,3088
478000,2916
478100,2769
478200,2704
478300,2621
478400,2553
478500,2547
478600,2559
478700,2545
478800,2559
478900,2559
479000,2641
479100,2675
479200,2687
479300,2659
479400,2559
479500,2544
479600,2458
479700,2512
479800,2559
479900,2673
480000,2855
480100,2897
480200,3054
480300,3206
480400,3397
480500,3515
480600,3431
480700,3254
480800,3058
480900,2863
481000,2703
481100,2559
481200,2514
481300,2512
481400,2523
481500,2526
481600,2606
481700,2687
481800,2727
481900,2750
482000,2686
482100,2672
482200,2640
482300,2608
482400,2523
482500,2526
482600,2640
482700,2818
482800,3039
482900,3104
483000,3200
483100,3222
483200,3135
483300,3037
483400,2913
483500,2783
483600,2633
483700,2559
483800,2559
483900,2583
484000,2655
484100,2832
484200,2928
484300,2937
484400,2814
484500,2725
484600,2647
484700,2619
484800,2599
484900,2608
485000,2646
485100,2790
485200,2923
485300,3121
485400,3270
485500,3367
485600,3257
485700,3088
485800,2909
485900,2736
486000,2559
486100,2482
486200,2489
486300,2535
486400,2603
486500,2730
486600,2832
486700,2853
486800,2795
486900,2721
487000,2559
487100,2524
487200,2541
487300,2609
487400,2646
487500,2735
487600,2846
487700,2966
487800,3127
487900,3259
488000,3290
488100,3190
488200,3019
488300,2825
488400,2624
488500,2551
488600,2497
488700,2405
488800,2506
488900,2528
489000,2559
489100,2586
489200,2544
489300,2509
489400,2498
489500,2484
489600,2535
489700,2622
489800,2758
489900,2879
490000,2996
490100,3111
490200,3242
490300,3117
490400,2918
490500,2677
490600,2495
490700,2370
490800,2369
490900,2492
491000,2655
491100,2805
491200,2924
491300,2942
491400,2733
491500,2544
491600,2474
491700,2451
491800,2489
491900,2586
492000,2756
492100,2954
492200,3244
492300,3406
492400,3200
492500,2955
492600,2799
492700,2582
492800,2470
492900,2395
493000,2476
493100,2448
493200,2511
493300,2607
493400,2612
493500,2595
493600,2495
493700,2437
493800,2401
493900,2433
494000,2505
494100,2590
494200,2679
494300,2759
494400,2835
494500,2838
494600,2737
494700,2595
494800,2493
494900,2447
495000,2386
495100,2340
495200,2289
495300,2334
495400,2405
495500,2448
495600,2433
495700,2418
495800,2413
495900,2399
496000,2426
496100,2448
496200,2523
496300,2658
496400,2832
496500,2975
496600,2975
496700,2864
496800,2683
496900,2510
497000,2443
497100,2418
497200,2449
497300,2492
497400,2603
497500,2672
497600,2665
497700,2612
497800,2543
497900,2448
498000,2446
498100,2463
498200,2429
498300,2486
498400,2608
498500,2843
498600,2994
498700,2954
498800,2768
498900,2671
499000,2547
499100,2512
499200,2529
499300,2538
499400,2554
499500,2657
499600,2783
499700,2771
499800,2766
499900,2734
500000,2657
500100,2608
500200,2533
500300,2545
500400,2631
500500,2750
500600,2841
500700,2911
500800,2873
500900,2801
501000,2705
501100,2637
501200,2592
501300,2559
501400,2531
501500,2559
501600,2634
501700,2771
501800,2865
501900,2803
502000,2758
502100,2672
502200,2625
502300,2559
502400,2541
502500,2581
502600,2736
502700,2871
502800,3035
502900,3174
503000,3175
503100,3045
503200,2822
503300,2667
503400,2479
503500,2418
503600,2355
503700,2330
503800,2368
503900,2507
504000,2624
504100,2631
504200,2605
504300,2507
504400,2480
504500,2434
504600,2431
504700,2405
504800,2479
504900,2559
505000,2455
505100,2653
505200,2640
505300,2590
505400,2533
505500,2488
505600,2473
505700,2484
505800,2480
505900,2475
506000,2513
506100,2528
506200,2544
506300,2443
506400,2480
506500,2539
506600,2487
506700,2431
506800,2394
506900,2387
507000,2407
507100,2414
507200,2403
507300,2467
507400,2353
507500,2448
507600,2397
507700,2439
507800,2475
507900,2527
508000,2559
508100,2687
508200,2717
508300,2755
508400,2711
508500,2699
508600,2641
508700,2643
508800,2623
508900,2648
509000,2720
509100,2783
509200,2837
509300,2800
509400,2709
509500,2629
509600,2553
509700,2509
509800,2478
509900,2464
510000,2441
510100,2427
510200,2396
510300,2391
510400,2403
510500,2317
510600,2387
510700,2384
510800,2384
510900,2362
511000,2387
511100,2475
511200,2583
511300,2647
511400,2537
511500,2439
511600,2338
511700,2320
511800,2366
511900,2448
512000,2512
512100,2500
512200,2489
512300,2469
512400,2535
512500,2544
512600,2537
512700,2498
512800,2440
512900,2435
513000,2480
513100,2585
513200,2683
513300,2789
513400,2647
513500,2535
513600,2416
513700,2330
513800,2369
513900,2448
514000,2544
514100,2559
514200,2597
514300,2529
514400,2535
514500,2510
514600,2462
514700,2407
514800,2355
514900,2358
515000,2374
515100,2406
515200,2467
515300,2505
515400,2479
515500,2400
515600,2320
515700,2340
515800,2301
515900,2320
516000,2305
516100,2271
516200,2275
516300,2299
516400,2293
516500,2368
516600,2351
516700,2353
516800,2334
516900,2320
517000,2350
517100,2427
517200,2585
517300,2627
517400,2604
517500,2485
517600,2426
517700,2379
517800,2349
517900,2329
518000,2330
518100,2304
518200,2302
518300,2302
518400,2293
518500,2314
518600,2356
518700,2358
518800,2403
518900,2419
519000,2480
519100,2532
519200,2821
519300,2669
519400,2618
519500,2514
519600,2421
519700,2399
519800,2388
519900,2397
520000,2358
520100,2289
520200,2301
520300,2322
520400,2355
520500,2401
520600,2443
520700,2422
520800,2384
520900,2329
521000,2350
521100,2385
521200,2505
521300,2637
521400,2666
521500,2591
521600,2515
521700,2458
521800,2405
521900,2401
522000,2406
522100,2399
522200,2365
522300,2422
522400,2398
522500,2411
522600,2432
522700,2458
522800,2461
522900,2435
523000,2438
523100,2459
523200,2524
523300,2602
523400,2690
523500,2667
523600,2559
523700,2454
523800,2352
523900,2341
524000,2399
524100,2458
524200,2490
524300,2544
524400,2608
524500,2604
524600,2559
524700,2494
524800,2449
524900,2407
525000,2349
525100,2333
525200,2405
525300,2465
525400,2522
525500,2514
525600,2409
525700,2325
525800,2290
525900,2299
526000,2336
526100,2339
526200,2388
526300,2395
526400,2381
526500,2418
526600,2416
526700,2458
526800,2507
526900,2540
527000,2469
527100,2394
527200,2352
527300,2349
527400,2422
527500,2438
527600,2421
527700,2391
527800,2303
527900,2325
528000,2407
528100,2479
528200,2547
528300,2530
528400,2480
528500,2473
528600,2523
528700,2544
528800,2535
528900,2494
529000,2462
529100,2411
529200,2400
529300,2369
529400,2384
529500,2475
529600,2467
529700,2384
529800,2273
529900,2272
530000,2353
530100,2433
530200,2448
530300,2485
530400,2467
530500,2448
530600,2459
530700,2463
530800,2403
530900,2373
531000,2321
531100,2327
531200,2387
531300,2493
531400,2600
531500,2683
531600,2719
531700,2653
531800,2556
531900,2435
532000,2405
532100,2385
532200,2391
532300,2391
532400,2387
532500,2374
532600,2382
532700,2386
532800,2465
532900,2495
533000,2462
533100,2386
533200,2413
533300,2461
533400,2559
533500,2619
533600,2656
533700,2653
533800,2459
533900,2352
534000,2364
534100,2390
534200,2459
534300,2532
534400,2596
534500,2624
534600,2629
534700,2603
534800,2512
534900,2438
535000,2379
535100,2323
535200,2352
535300,2425
535400,2547
535500,2659
535600,2672
535700,2537
535800,2386
535900,2326
536000,2273
536100,2320
536200,2353
536300,2370
536400,2390
536500,2448
536600,2480
536700,2449
536800,2421
536900,2419
537000,2365
537100,2359
537200,2336
537300,2365
537400,2397
537500,2461
537600,2486
537700,2421
537800,2335
537900,2240
538000,2227
538100,2238
538200,2252
538300,2270
538400,2235
538500,2253
538600,2272
538700,2330
538800,2339
538900,2288
539000,2239
539100,2201
539200,2224
539300,2301
539400,2403
539500,2542
539600,2590
539700,2559
539800,2482
539900,2417
540000,2381
540100,2330
540200,2279
540300,2278
540400,2313
540500,2239
540600,2310
540700,2395
540800,2416
540900,2384
541000,2384
541100,2307
541200,2300
541300,2331
541400,2367
541500,2480
541600,2559
541700,2618
541800,2607
541900,2503
542000,2385
542100,2325
542200,2362
542300,2357
542400,2379
542500,2395
542600,2436
542700,2452
542800,2519
542900,2543
543000,2513
543100,2438
543200,2377
543300,2317
543400,2279
543500,2287
543600,2353
543700,2443
543800,2545
543900,2510
544000,2429
544100,2337
544200,2242
544300,2242
544400,2237
544500,2301
544600,2371
544700,2477
544800,2524
544900,2528
545000,2471
545100,2391
545200,2351
545300,2362
545400,2449
545500,2650
545600,2858
545700,3063
545800,3052
545900,2896
546000,2652
546100,2448
546200,2327
546300,2293
546400,2327
546500,2390
546600,2448
546700,2525
546800,2423
546900,2414
547000,2395
547100,2303
547200,2238
547300,2241
547400,2318
547500,2359
547600,2482
547700,2601
547800,2605
547900,2559
548000,2386
548100,2288
548200,2285
548300,2286
548400,2285
548500,2294
548600,2288
548700,2323
548800,2329
548900,2322
549000,2319
549100,2302
549200,2382
549300,2446
549400,2559
549500,2682
549600,2768
549700,2824
549800,2800
549900,2736
550000,2627
550100,2498
550200,2538
550300,2463
550400,2515
550500,2559
550600,2622
550700,2629
550800,2608
550900,2622
551000,2559
551100,2508
551200,2467
551300,2445
551400,2458
551500,2526
551600,2559
551700,2641
551800,2665
551900,2640
552000,2549
552100,2480
552200,2431
552300,2489
552400,2544
552500,2608
552600,2671
552700,2676
552800,2631
552900,2672
553000,2666
553100,2559
553200,2513
553300,2337
553400,2235
553500,2323
553600,2401
553700,2514
553800,2591
553900,2555
554000,2447
554100,2341
554200,2279
554300,2257
554400,2321
554500,2357
554600,2416
554700,2473
554800,2559
554900,2582
555000,2538
555100,2401
555200,2256
555300,2203
555400,2160
555500,2251
555600,2343
555700,2531
555800,2771
555900,2991
556000,3035
556100,2795
556200,2518
556300,2275
556400,2141
556500,2149
556600,2209
556700,2310
556800,2399
556900,2431
557000,2493
557100,2459
557200,2364
557300,2282
557400,2223
557500,2209
557600,2224
557700,2375
557800,2598
557900,2800
558000,2944
558100,2901
558200,2672
558300,2442
558400,2273
558500,2208
558600,2260
558700,2319
558800,2364
558900,2372
559000,2397
559100,2370
559200,2335
559300,2299
559400,2256
559500,2269
559600,2318
559700,2438
559800,2551
559900,2736
560000,2864
560100,2935
